title,category,views,likes,comments,duration,upload_time
Video 1,Music,401240,40118,9161,261,2024-05-15 02:31:35
Video 2,Sports,313787,36625,10959,843,2024-03-12 11:09:03
Video 3,Education,766274,41904,16094,597,2024-11-20 12:20:20
Video 4,Tech,360308,32070,8124,200,2024-08-23 07:02:50
Video 5,Education,224014,15312,2376,500,2024-10-24 05:42:37
Video 6,Entertainment,692554,85312,11293,634,2024-11-18 08:11:33
Video 7,Gaming,260713,29733,4423,785,2024-05-21 06:36:00
Video 8,News,149290,19470,2869,761,2024-12-18 09:22:37
Video 9,Sports,949251,39955,2589,103,2024-07-16 12:26:22
Video 10,Education,107046,2842,482,144,2024-09-12 17:34:59
Video 11,Music,242355,10039,3762,151,2024-07-09 23:06:57
Video 12,Sports,861538,83257,26604,187,2024-01-12 05:07:19
Video 13,Gaming,413423,44157,8938,602,2024-08-14 18:37:13
Video 14,Music,355414,8444,1099,424,2024-04-18 05:40:04
Video 15,Education,339970,32674,9280,523,2024-12-09 06:08:03
Video 16,Sports,732752,74903,27832,182,2024-05-10 07:39:42
Video 17,Sports,387817,55023,6320,208,2024-04-17 15:39:48
Video 18,Music,973060,29750,7414,197,2024-06-28 13:43:58
Video 19,Education,914543,126757,22207,562,2024-08-02 14:53:11
Video 20,Entertainment,677693,74622,25135,259,2024-01-21 05:39:58
Video 21,Music,439077,53509,15420,586,2024-05-14 15:36:50
Video 22,Tech,657992,21119,2649,177,2024-07-25 18:30:37
Video 23,Gaming,434925,46386,8173,633,2024-01-01 20:20:12
Video 24,Education,388188,14142,1773,102,2024-11-08 15:27:25
Video 25,Gaming,268008,26032,4470,263,2024-05-23 19:22:12
Video 26,News,550850,15373,5198,607,2024-10-13 12:15:51
Video 27,Entertainment,914629,129158,6759,753,2024-12-10 06:21:20
Video 28,Gaming,471236,58717,17860,274,2024-12-18 19:19:48
Video 29,Tech,175863,18825,4564,654,2024-02-18 23:25:47
Video 30,News,631703,47430,5400,421,2024-12-14 05:58:04
Video 31,Education,374081,25188,3140,420,2024-12-21 13:19:28
Video 32,Tech,54774,3727,209,257,2024-11-11 04:39:16
Video 33,Education,208487,11826,3008,869,2024-09-25 12:25:07
Video 34,Sports,535814,26601,10363,723,2024-08-24 16:19:25
Video 35,News,739518,105944,41300,626,2024-09-04 17:25:45
Video 36,Sports,413903,17821,2532,167,2024-01-11 00:59:40
Video 37,Gaming,826520,117401,26209,279,2024-08-09 08:11:55
Video 38,Education,443746,23811,8880,355,2024-08-08 00:35:38
Video 39,Gaming,540378,13026,2435,546,2024-05-24 06:26:32
Video 40,Education,894344,101365,38916,146,2024-09-20 18:19:39
Video 41,Sports,804624,29723,7091,423,2024-08-31 03:14:25
Video 42,Gaming,508641,22948,8680,233,2024-01-11 00:31:57
Video 43,News,718545,87965,29642,783,2024-06-26 10:35:48
Video 44,Sports,305672,10716,1397,254,2024-01-08 02:52:46
Video 45,Entertainment,899043,123889,47712,776,2024-04-20 23:43:36
Video 46,Gaming,743205,79100,23379,300,2024-08-02 16:45:07
Video 47,Sports,743533,80282,17049,195,2024-11-19 22:42:58
Video 48,Entertainment,757714,73280,3765,501,2024-11-15 07:55:47
Video 49,Education,207801,14374,5552,361,2024-09-23 08:03:10
Video 50,Tech,367985,20479,1448,587,2024-11-26 16:27:41
Video 51,Education,589310,21898,7530,34,2024-12-24 08:26:33
Video 52,News,804326,77689,19115,601,2024-04-03 13:46:33
Video 53,Tech,661629,49534,9016,441,2024-08-16 13:10:10
Video 54,Music,444384,52823,10126,631,2024-08-09 11:44:46
Video 55,Sports,758875,41323,11328,740,2024-05-30 22:35:23
Video 56,Entertainment,705401,25345,8346,231,2024-08-22 14:47:54
Video 57,News,403493,43201,7309,178,2024-01-07 23:30:25
Video 58,Sports,415152,20324,5716,102,2024-06-02 04:22:55
Video 59,Sports,966044,122444,45593,564,2024-05-11 18:40:17
Video 60,News,60661,1643,227,641,2024-12-26 06:22:32
Video 61,Education,881343,118087,26344,211,2024-04-12 14:27:43
Video 62,News,475700,50077,6973,536,2024-01-15 19:14:28
Video 63,Gaming,260841,13641,2253,489,2024-08-28 06:30:25
Video 64,Sports,97431,11506,3859,659,2024-06-12 16:01:34
Video 65,Sports,902244,27787,9837,585,2024-04-09 09:01:17
Video 66,Entertainment,621349,42649,2593,652,2024-07-18 18:14:45
Video 67,Gaming,988561,60925,13663,542,2024-04-03 06:49:33
Video 68,Gaming,436775,50666,17093,614,2024-06-15 17:21:03
Video 69,Education,24462,2312,828,32,2024-02-03 14:47:00
Video 70,Entertainment,922165,67635,8995,675,2024-04-03 16:35:42
Video 71,News,120108,8037,1973,681,2024-07-18 00:35:57
Video 72,News,320061,14987,4210,854,2024-02-07 20:06:39
Video 73,Sports,605978,31564,10164,727,2024-08-26 07:09:11
Video 74,Sports,688615,39485,7036,182,2024-01-17 05:38:56
Video 75,Tech,937875,67833,10421,889,2024-10-19 23:33:19
Video 76,Tech,543953,16826,6107,805,2024-04-25 21:21:30
Video 77,Music,900701,48446,5603,282,2024-06-22 14:11:57
Video 78,Tech,115365,12350,3003,209,2024-01-23 10:53:45
Video 79,Education,656456,78270,26287,130,2024-02-14 00:24:17
Video 80,Gaming,37970,3173,1237,602,2024-01-27 00:05:42
Video 81,Gaming,233706,20877,3178,441,2024-01-31 10:08:56
Video 82,Tech,167216,11582,1403,900,2024-09-18 16:56:41
Video 83,Entertainment,632893,81744,6417,483,2024-04-13 04:22:06
Video 84,Entertainment,654748,57723,21253,884,2024-04-28 06:20:57
Video 85,Gaming,103256,10899,4078,31,2024-11-21 10:29:32
Video 86,Gaming,959648,48621,16938,456,2024-10-10 08:16:38
Video 87,Gaming,25856,3196,846,603,2024-06-02 23:19:28
Video 88,Music,539720,27459,3617,379,2024-02-24 08:34:16
Video 89,News,521950,27461,5244,278,2024-10-13 17:26:59
Video 90,Gaming,410608,50214,11681,433,2024-04-25 10:48:49
Video 91,Entertainment,383127,50044,4377,121,2024-12-26 06:11:21
Video 92,Gaming,558035,39780,9483,88,2024-09-24 02:42:04
Video 93,Gaming,498785,39205,13570,809,2024-08-09 03:16:39
Video 94,Entertainment,922820,114137,18657,432,2024-12-26 04:58:45
Video 95,Entertainment,548570,34608,12957,137,2024-05-31 11:12:16
Video 96,Tech,982186,112328,24666,813,2024-04-21 22:27:49
Video 97,Sports,799213,87501,4850,396,2024-03-05 16:12:18
Video 98,Tech,965510,80791,10199,634,2024-12-30 20:44:51
Video 99,Gaming,267535,25949,7858,832,2024-04-10 00:21:51
Video 100,Education,156742,15377,5571,620,2024-02-15 22:17:04
Video 101,Music,401665,23309,7462,270,2024-09-19 09:47:22
Video 102,Music,616573,51216,11409,659,2024-11-25 10:14:37
Video 103,News,264017,33602,12975,371,2024-07-03 19:18:04
Video 104,News,706666,35957,2412,418,2024-08-08 14:52:23
Video 105,Gaming,991041,146145,14221,346,2024-06-09 23:22:04
Video 106,Entertainment,349278,8584,1712,857,2024-04-06 02:57:02
Video 107,Education,176327,15824,928,130,2024-03-08 12:52:10
Video 108,Music,517026,63436,25081,891,2024-09-16 23:23:37
Video 109,Music,316989,31873,1673,207,2024-09-26 10:17:51
Video 110,Education,191913,19355,3712,585,2024-10-29 06:59:23
Video 111,Education,246697,29094,7970,472,2024-03-24 12:50:24
Video 112,Music,530954,21056,5062,494,2024-10-24 21:40:28
Video 113,Education,379578,13199,3563,788,2024-08-21 23:09:21
Video 114,News,389015,25848,4721,544,2024-05-24 15:20:11
Video 115,News,891958,127426,17375,115,2024-11-24 04:01:22
Video 116,Tech,165063,18696,3943,492,2024-08-24 04:40:11
Video 117,Entertainment,101438,12851,3027,534,2024-06-08 13:56:22
Video 118,Gaming,127231,3987,1495,344,2024-06-11 21:01:01
Video 119,Education,594507,80978,9471,531,2024-09-17 11:40:48
Video 120,Entertainment,78256,7290,2558,248,2024-06-07 16:46:28
Video 121,Sports,541872,66818,5549,247,2024-02-07 20:40:29
Video 122,Gaming,993631,98938,24464,606,2024-04-03 13:12:05
Video 123,Music,923637,129707,17299,242,2024-01-10 21:48:56
Video 124,Sports,407833,49250,8944,215,2024-06-23 12:31:25
Video 125,Music,378683,37009,9679,206,2024-08-07 14:01:21
Video 126,Gaming,744957,22803,3807,458,2024-02-02 17:30:00
Video 127,Gaming,456736,60451,15407,250,2024-05-13 05:41:56
Video 128,News,132866,6549,880,835,2024-01-22 20:08:13
Video 129,Entertainment,282949,20708,2080,616,2024-12-03 16:18:51
Video 130,Entertainment,721422,93295,18826,163,2024-02-07 05:33:16
Video 131,News,580354,27706,1705,277,2024-04-05 00:31:43
Video 132,Gaming,368508,11295,3393,752,2024-07-16 04:21:43
Video 133,Entertainment,894184,112725,9176,145,2024-01-11 22:03:21
Video 134,Education,643964,82674,26707,542,2024-09-08 12:17:57
Video 135,Entertainment,597727,26147,8643,369,2024-08-25 01:25:41
Video 136,Entertainment,958171,110611,18071,803,2024-10-23 18:40:41
Video 137,Sports,68925,4329,764,777,2024-07-06 09:32:56
Video 138,News,403635,53341,6359,594,2024-01-25 12:12:29
Video 139,Education,762682,83808,17475,315,2024-04-08 12:10:51
Video 140,News,537231,73354,26458,497,2024-06-11 19:49:19
Video 141,Education,904521,125952,32280,792,2024-10-10 21:17:24
Video 142,Tech,763731,93043,31477,337,2024-09-13 23:29:50
Video 143,Gaming,525690,20543,5556,184,2024-03-18 19:59:32
Video 144,Entertainment,869324,85446,29182,213,2024-10-23 21:21:17
Video 145,Sports,648109,43076,7993,97,2024-08-19 03:00:29
Video 146,Music,586116,24351,5859,414,2024-07-22 00:50:04
Video 147,Gaming,169398,23090,1554,273,2024-11-01 03:38:29
Video 148,Gaming,137408,7846,551,183,2024-10-10 11:57:07
Video 149,Music,201603,22214,5168,127,2024-03-06 08:44:53
Video 150,Tech,489721,53614,15750,108,2024-01-31 13:24:37
Video 151,Gaming,659965,51795,6827,181,2024-04-11 08:43:02
Video 152,News,184985,6320,1823,508,2024-10-24 01:26:43
Video 153,Sports,393588,24118,8394,547,2024-10-03 08:42:16
Video 154,Gaming,76170,9313,3357,325,2024-12-17 16:21:30
Video 155,News,178622,14538,2635,359,2024-02-07 08:37:10
Video 156,Tech,687650,61344,4278,120,2024-10-26 20:13:45
Video 157,Entertainment,114695,14122,2932,76,2024-12-04 10:47:44
Video 158,Entertainment,119209,16799,1622,39,2024-10-22 13:21:40
Video 159,Entertainment,171887,23878,6456,584,2024-08-26 19:22:08
Video 160,Education,688854,32610,2495,200,2024-02-13 02:31:41
Video 161,News,667813,43205,2223,410,2024-12-09 17:30:54
Video 162,Music,756911,25496,6188,353,2024-02-16 10:37:06
Video 163,Entertainment,750761,42711,8607,472,2024-02-10 12:06:24
Video 164,Entertainment,914920,109585,28451,70,2024-05-11 17:35:37
Video 165,Tech,690674,92448,25217,603,2024-10-31 01:18:39
Video 166,Tech,247600,26380,6598,151,2024-11-22 20:23:18
Video 167,News,925945,125217,17700,801,2024-01-15 03:06:29
Video 168,Entertainment,625847,63296,21713,428,2024-02-15 22:20:50
Video 169,Gaming,14010,1348,521,821,2024-09-10 19:36:56
Video 170,Music,282358,29259,4857,672,2024-07-08 01:45:42
Video 171,Gaming,668378,87570,4837,490,2024-03-20 06:33:03
Video 172,Gaming,65023,6372,1663,639,2024-09-02 20:41:37
Video 173,Tech,880098,80151,4777,128,2024-10-23 05:29:46
Video 174,Entertainment,471371,58874,9885,846,2024-03-15 01:05:17
Video 175,Gaming,940224,84955,9909,900,2024-05-03 20:59:02
Video 176,Sports,659775,39395,8168,245,2024-09-27 18:24:27
Video 177,Education,580839,74597,9964,670,2024-01-05 06:50:22
Video 178,Tech,514501,52004,11750,110,2024-06-08 15:30:59
Video 179,Entertainment,852683,39808,11922,341,2024-11-17 04:22:37
Video 180,Tech,263149,25935,2730,301,2024-04-10 17:25:21
Video 181,Tech,685681,33228,2645,330,2024-12-21 18:22:33
Video 182,Education,713432,103059,37286,708,2024-03-03 10:04:25
Video 183,Sports,358884,31798,1630,58,2024-02-19 03:31:46
Video 184,News,150728,8176,454,900,2024-11-17 09:44:43
Video 185,Education,688705,25173,9270,96,2024-10-18 09:12:34
Video 186,Entertainment,20811,3012,635,623,2024-06-25 19:34:27
Video 187,Education,940456,44229,9838,725,2024-10-08 21:39:20
Video 188,Gaming,423568,17909,3642,696,2024-12-02 18:04:48
Video 189,Tech,694121,84157,23369,172,2024-05-04 10:53:04
Video 190,Gaming,400005,23118,7565,326,2024-12-08 05:58:41
Video 191,Tech,548422,81127,30013,530,2024-03-12 21:54:54
Video 192,Entertainment,816043,108497,19017,129,2024-03-09 15:40:17
Video 193,Music,778668,103657,13408,897,2024-04-16 07:46:05
Video 194,Entertainment,42933,5013,1366,300,2024-10-28 00:18:53
Video 195,Sports,368220,44102,12576,663,2024-06-18 17:52:35
Video 196,Education,550864,54776,8671,154,2024-03-12 00:58:11
Video 197,Tech,10907,1141,299,373,2024-11-15 14:50:37
Video 198,Entertainment,407556,26436,3143,200,2024-12-04 16:05:09
Video 199,Sports,43087,2379,263,399,2024-04-11 12:49:26
Video 200,News,213263,24730,6226,452,2024-02-16 14:43:50
Video 201,Music,330269,41066,15381,97,2024-11-09 08:44:04
Video 202,Gaming,722500,64845,17241,838,2024-08-15 17:41:14
Video 203,Education,244613,6677,479,732,2024-07-28 06:56:20
Video 204,Entertainment,862013,69303,17164,63,2024-09-18 04:38:42
Video 205,Sports,417963,46768,10417,351,2024-08-04 10:21:29
Video 206,Gaming,632117,74690,7596,463,2024-12-13 05:40:39
Video 207,Education,552005,28362,10200,122,2024-11-17 23:54:38
Video 208,Education,86389,2404,758,434,2024-03-02 05:45:51
Video 209,Music,378170,34831,10132,99,2024-08-08 03:25:47
Video 210,Music,863571,56614,11949,683,2024-09-18 16:59:35
Video 211,Gaming,491577,13142,3331,138,2024-12-07 09:11:51
Video 212,Sports,948150,32415,7935,444,2024-08-23 06:05:32
Video 213,Entertainment,584750,25749,3611,409,2024-01-24 14:47:26
Video 214,Gaming,101455,14228,1768,187,2024-01-16 14:14:29
Video 215,Music,748085,71257,16803,592,2024-01-08 15:27:05
Video 216,Tech,300381,42801,3645,646,2024-02-06 11:35:27
Video 217,Education,571277,34738,8987,456,2024-11-07 12:32:37
Video 218,Gaming,880009,79987,17242,436,2024-12-04 15:53:51
Video 219,Sports,33416,2844,856,119,2024-08-11 15:39:23
Video 220,Sports,954799,63406,19616,490,2024-11-14 02:59:15
Video 221,News,478645,64586,17363,421,2024-05-22 02:03:34
Video 222,Sports,337835,40505,11192,129,2024-03-17 09:04:43
Video 223,Education,543437,54784,7620,131,2024-05-06 19:27:19
Video 224,Education,79432,9010,509,514,2024-11-22 16:45:53
Video 225,Gaming,73242,9312,1287,185,2024-01-15 04:54:40
Video 226,News,625821,38443,4589,453,2024-10-17 11:25:48
Video 227,Entertainment,362523,43455,14161,262,2024-03-24 02:24:59
Video 228,Sports,986153,101928,11331,385,2024-02-28 21:59:23
Video 229,News,548280,52962,15381,137,2024-06-04 13:26:57
Video 230,Tech,220378,5076,1757,881,2024-02-19 07:48:16
Video 231,Education,702572,103302,36284,770,2024-01-09 12:34:21
Video 232,Education,757468,53596,20191,353,2024-08-10 21:08:22
Video 233,Entertainment,842004,109005,26796,294,2024-09-08 14:45:53
Video 234,Sports,722371,107416,27831,178,2024-06-06 09:08:27
Video 235,Tech,574437,29968,11499,368,2024-01-29 04:34:51
Video 236,Gaming,271993,29076,1889,827,2024-09-21 05:21:04
Video 237,Tech,147817,13257,2106,305,2024-07-12 03:36:05
Video 238,Entertainment,974725,127868,27583,119,2024-12-31 11:08:35
Video 239,Education,672708,20147,7649,303,2024-03-13 19:55:25
Video 240,Gaming,840044,66537,10461,223,2024-06-15 12:15:29
Video 241,News,798461,67133,8206,377,2024-10-02 03:38:44
Video 242,Entertainment,746945,62830,23850,62,2024-09-25 21:27:11
Video 243,Music,77265,10333,3414,88,2024-03-31 18:48:15
Video 244,News,79351,6162,1283,621,2024-01-18 04:27:08
Video 245,Education,914942,132180,50538,203,2024-09-21 01:04:32
Video 246,News,981085,83576,28794,776,2024-03-15 01:04:15
Video 247,Sports,24781,3048,1149,40,2024-06-27 20:08:36
Video 248,News,72375,8658,2881,180,2024-10-27 09:34:28
Video 249,Gaming,466378,17423,3558,42,2024-09-07 22:59:13
Video 250,Education,935240,56611,20178,194,2024-02-18 07:00:03
Video 251,Music,856961,35400,4353,850,2024-07-22 14:42:07
Video 252,Entertainment,205572,22375,6596,440,2024-07-12 11:38:29
Video 253,Music,134060,11613,1593,72,2024-06-09 17:20:08
Video 254,Music,773930,108892,32324,263,2024-10-21 04:49:35
Video 255,Tech,402318,29811,1849,69,2024-05-20 05:41:38
Video 256,Music,836524,70958,14859,509,2024-11-20 05:20:16
Video 257,Entertainment,855590,99957,12815,435,2024-03-14 16:06:54
Video 258,Entertainment,903758,21397,5083,76,2024-10-24 18:44:14
Video 259,Music,26433,1197,208,121,2024-05-01 04:46:10
Video 260,Sports,874394,53795,4004,292,2024-06-29 00:44:41
Video 261,News,124552,12374,1338,847,2024-04-11 03:47:38
Video 262,Entertainment,629772,60993,16009,767,2024-02-04 14:52:01
Video 263,Education,342573,19431,6346,422,2024-09-14 17:49:20
Video 264,News,18132,2100,701,739,2024-08-07 09:55:00
Video 265,Tech,173934,8362,2986,177,2024-06-08 03:49:27
Video 266,Sports,485404,22190,7606,255,2024-09-22 05:55:03
Video 267,Education,900040,126890,47269,636,2024-06-27 07:16:14
Video 268,Gaming,60847,3531,353,680,2024-06-11 19:10:04
Video 269,Music,291824,24813,5292,576,2024-06-12 09:40:06
Video 270,Education,875448,40425,13374,624,2024-09-22 00:01:09
Video 271,Tech,564921,81271,24770,445,2024-05-19 22:54:55
Video 272,News,501317,30362,9552,414,2024-10-29 20:22:07
Video 273,Tech,120139,6094,2173,542,2024-02-29 20:49:58
Video 274,Entertainment,278264,33230,5375,556,2024-12-18 09:32:14
Video 275,Music,517234,41391,4481,151,2024-12-11 14:25:50
Video 276,Entertainment,602509,13819,1276,125,2024-09-09 10:50:12
Video 277,Gaming,454812,59827,17002,111,2024-02-12 11:33:51
Video 278,Gaming,460802,25308,5407,30,2024-05-14 23:07:02
Video 279,Entertainment,268678,24964,9044,670,2024-11-13 14:43:04
Video 280,News,805602,98230,18164,863,2024-11-30 03:11:22
Video 281,Entertainment,187800,18396,3336,328,2024-08-09 10:10:44
Video 282,News,130676,10451,1773,523,2024-04-17 05:18:19
Video 283,Tech,990518,24147,2172,264,2024-11-21 10:39:48
Video 284,Tech,731482,66000,22006,691,2024-08-06 15:02:27
Video 285,Gaming,375173,51178,17666,849,2024-12-08 13:06:39
Video 286,Tech,648780,64107,6445,164,2024-01-13 14:41:50
Video 287,Sports,411288,48652,4284,545,2024-04-01 22:58:43
Video 288,Education,464052,36810,3051,404,2024-12-14 11:02:13
Video 289,Tech,726849,44258,6116,533,2024-07-01 01:41:04
Video 290,Tech,673478,71399,18516,208,2024-06-28 04:38:12
Video 291,Sports,358585,44969,2891,898,2024-07-23 22:03:41
Video 292,Music,213971,20045,4278,249,2024-06-26 10:36:58
Video 293,Education,805100,120122,41800,900,2024-11-22 17:37:24
Video 294,Tech,993502,24951,1628,436,2024-06-02 19:28:48
Video 295,Entertainment,101889,5741,316,740,2024-06-28 22:19:23
Video 296,Music,293206,37668,7917,799,2024-03-14 15:36:38
Video 297,Education,318035,12114,3978,92,2024-02-12 09:31:23
Video 298,Tech,22949,3265,648,259,2024-02-15 18:06:47
Video 299,Tech,270735,15879,5259,297,2024-01-03 11:40:27
Video 300,Gaming,410601,37733,12476,35,2024-08-02 09:32:53
Video 301,News,90069,6053,710,83,2024-02-24 04:24:54
Video 302,Education,931841,75664,5077,55,2024-05-27 20:57:35
Video 303,Music,793049,43660,4711,179,2024-10-15 01:26:49
Video 304,Music,530293,32615,5875,850,2024-06-11 20:27:36
Video 305,Entertainment,953145,86898,28107,594,2024-11-10 04:41:20
Video 306,Tech,472259,66692,13320,181,2024-07-30 11:35:47
Video 307,Sports,703303,60309,9465,641,2024-02-24 23:38:43
Video 308,Sports,131698,8224,2609,457,2024-05-17 18:13:18
Video 309,Gaming,549109,60024,13780,871,2024-06-25 07:42:10
Video 310,Gaming,859252,68034,24841,721,2024-03-06 12:58:38
Video 311,Gaming,195303,20968,2156,777,2024-05-28 02:35:22
Video 312,Gaming,617487,44877,10245,96,2024-06-15 15:44:40
Video 313,Entertainment,173901,6132,1754,585,2024-11-17 22:09:25
Video 314,Sports,272345,17654,1443,206,2024-05-11 04:38:42
Video 315,Gaming,24550,3437,592,368,2024-06-07 20:04:25
Video 316,Education,93161,10287,3401,130,2024-11-21 01:45:10
Video 317,Education,286276,19505,6080,561,2024-10-24 12:27:22
Video 318,Education,872994,46330,5966,491,2024-10-29 08:41:00
Video 319,Gaming,793833,47725,3855,259,2024-03-01 15:52:02
Video 320,Gaming,326896,45619,3639,689,2024-03-21 22:14:36
Video 321,Music,154272,15986,1287,518,2024-04-07 16:40:18
Video 322,Music,390479,19847,4103,33,2024-12-25 13:37:09
Video 323,Entertainment,998686,126078,24702,811,2024-09-07 20:43:43
Video 324,Gaming,838046,36466,8585,676,2024-12-14 14:41:55
Video 325,Tech,652164,14741,5631,267,2024-11-07 06:52:49
Video 326,Music,350656,27450,8120,102,2024-03-30 10:02:31
Video 327,Sports,196005,10937,3375,138,2024-10-25 02:05:07
Video 328,Music,706050,31225,7266,41,2024-07-17 23:29:21
Video 329,Entertainment,717801,41134,4356,474,2024-05-24 23:16:00
Video 330,News,704915,72470,13805,117,2024-06-12 01:26:49
Video 331,Sports,110778,9066,3018,122,2024-01-21 21:44:54
Video 332,Sports,59688,3955,313,559,2024-06-14 03:57:37
Video 333,Education,296076,43282,2998,251,2024-07-13 20:14:48
Video 334,News,875323,86304,14560,739,2024-09-16 20:45:49
Video 335,Gaming,870853,94239,24783,772,2024-01-31 21:14:43
Video 336,News,438425,26910,1601,184,2024-07-23 21:25:00
Video 337,Education,163118,19195,6988,544,2024-08-19 20:01:59
Video 338,Entertainment,871861,30637,8618,329,2024-04-03 19:16:27
Video 339,Tech,870186,81148,4691,68,2024-03-17 07:43:34
Video 340,News,816821,119172,20218,102,2024-01-08 17:32:58
Video 341,Sports,804515,25763,6432,85,2024-04-06 20:31:08
Video 342,News,806417,51203,2678,106,2024-08-13 05:10:05
Video 343,Education,853813,113836,19124,854,2024-08-30 22:38:25
Video 344,News,416282,56071,11311,705,2024-09-18 16:31:24
Video 345,Gaming,324512,20722,4050,174,2024-08-31 03:56:14
Video 346,Entertainment,465050,32424,11596,223,2024-04-12 22:56:32
Video 347,Gaming,87835,12924,3379,560,2024-09-03 08:38:30
Video 348,Sports,18449,1369,224,725,2024-01-23 07:34:11
Video 349,Education,753911,50181,4683,352,2024-11-29 16:25:59
Video 350,News,906756,74341,22958,471,2024-08-31 01:12:43
Video 351,Entertainment,65555,1894,135,509,2024-02-13 10:47:37
Video 352,Education,983290,135715,52123,549,2024-09-05 04:33:55
Video 353,Education,940450,128427,29855,387,2024-04-01 15:20:37
Video 354,Gaming,993253,38388,13845,495,2024-01-20 15:48:14
Video 355,Music,502397,35293,5231,116,2024-09-30 12:00:09
Video 356,Sports,740159,108098,13592,248,2024-09-11 04:23:23
Video 357,Education,275800,31676,11338,878,2024-06-03 01:07:29
Video 358,News,737112,85238,18564,879,2024-04-29 18:17:27
Video 359,Sports,287430,10234,1304,389,2024-03-11 11:28:39
Video 360,News,420834,18058,6308,540,2024-10-22 22:50:39
Video 361,Tech,561147,80366,16033,830,2024-03-20 17:44:09
Video 362,Entertainment,343846,50686,7385,782,2024-12-01 13:44:52
Video 363,Music,571751,48296,19189,436,2024-05-17 03:04:53
Video 364,Tech,860225,54962,7282,302,2024-11-22 21:48:53
Video 365,Gaming,801544,32881,9701,383,2024-09-18 14:51:38
Video 366,Education,905576,87806,10262,505,2024-07-02 12:31:05
Video 367,Gaming,513027,50955,2846,821,2024-11-18 16:46:57
Video 368,News,797008,16035,3833,242,2024-03-03 11:46:41
Video 369,Tech,849816,70457,10301,641,2024-08-24 08:47:16
Video 370,News,680588,31638,7202,476,2024-08-05 15:10:28
Video 371,Education,600247,77021,12160,900,2024-04-23 09:19:58
Video 372,Sports,58237,5879,659,376,2024-10-06 22:54:15
Video 373,News,345033,36768,13858,568,2024-01-19 02:37:14
Video 374,News,568262,39044,6160,311,2024-04-05 23:47:04
Video 375,Sports,329915,48157,13608,60,2024-02-21 05:07:35
Video 376,Education,464282,53030,18663,32,2024-11-05 18:22:04
Video 377,News,760694,112808,14007,273,2024-07-03 20:00:37
Video 378,Tech,803956,112796,22047,562,2024-07-06 07:53:05
Video 379,Tech,900832,130398,50394,822,2024-12-25 09:42:09
Video 380,Sports,129194,18798,1029,321,2024-06-20 20:45:16
Video 381,Entertainment,497837,29513,3899,583,2024-04-20 00:16:01
Video 382,Sports,777288,21027,8086,301,2024-12-31 09:17:32
Video 383,Tech,872960,49261,11638,265,2024-03-18 10:41:23
Video 384,Entertainment,139311,8015,1425,751,2024-01-14 02:01:11
Video 385,Tech,926559,47911,13164,39,2024-07-21 18:22:01
Video 386,Gaming,785326,84750,10056,585,2024-06-23 22:38:22
Video 387,Entertainment,810131,87986,24840,900,2024-05-11 08:49:57
Video 388,Gaming,338065,29290,7596,125,2024-08-30 21:57:51
Video 389,Entertainment,642989,73586,23111,831,2024-06-12 00:19:58
Video 390,Tech,31563,4443,1123,848,2024-11-15 22:41:24
Video 391,Entertainment,337179,40269,16053,208,2024-02-11 15:17:11
Video 392,Sports,510488,68422,15161,414,2024-06-18 02:27:41
Video 393,Tech,422252,31182,7312,635,2024-07-10 01:22:10
Video 394,Education,227589,24691,2569,560,2024-08-17 11:58:52
Video 395,Sports,856243,51802,13760,767,2024-07-23 06:25:24
Video 396,Education,494382,57337,14418,173,2024-12-20 06:37:15
Video 397,Entertainment,425239,58835,21182,319,2024-03-05 11:40:20
Video 398,Gaming,184827,25573,6814,340,2024-07-18 09:59:28
Video 399,Tech,422478,41844,4016,308,2024-01-23 19:02:39
Video 400,Music,484368,50697,16662,628,2024-07-26 19:16:14
Video 401,Sports,672049,57115,8065,764,2024-04-25 02:18:36
Video 402,Music,640266,22657,2106,404,2024-09-18 14:01:31
Video 403,Tech,966733,124330,48595,321,2024-02-29 08:22:55
Video 404,Music,724084,43479,7007,193,2024-05-19 07:50:39
Video 405,Music,757360,57406,22218,375,2024-05-23 14:48:53
Video 406,Entertainment,593391,72084,27682,359,2024-01-10 09:30:16
Video 407,Gaming,829926,61194,4537,300,2024-01-01 13:15:30
Video 408,News,787562,72540,10832,56,2024-06-19 17:28:49
Video 409,News,27954,2615,564,150,2024-07-09 17:33:24
Video 410,Sports,698323,34332,2880,891,2024-07-04 23:15:29
Video 411,Tech,25582,2188,612,540,2024-03-02 11:47:07
Video 412,Music,236876,28741,9229,661,2024-12-26 02:02:29
Video 413,News,497439,21420,6004,446,2024-01-19 20:22:12
Video 414,Gaming,752403,42471,15827,631,2024-04-12 07:02:50
Video 415,Music,933458,89189,8688,354,2024-01-30 05:15:54
Video 416,Music,228402,17438,1447,390,2024-07-03 05:06:12
Video 417,News,576964,51739,6072,179,2024-03-30 06:11:51
Video 418,Education,952943,22711,4264,430,2024-08-08 16:31:56
Video 419,Gaming,33828,3193,201,535,2024-08-02 23:35:48
Video 420,News,414977,12223,4028,773,2024-08-11 08:32:15
Video 421,Music,673664,83927,32110,636,2024-03-20 12:30:20
Video 422,Education,550480,61661,9050,809,2024-08-01 18:36:57
Video 423,News,853136,126759,27763,760,2024-08-26 16:55:08
Video 424,Entertainment,419839,34991,11567,380,2024-09-29 22:38:48
Video 425,Entertainment,592549,57597,16890,180,2024-10-18 13:24:19
Video 426,Tech,196703,27046,5360,268,2024-11-20 18:44:39
Video 427,Education,345522,13635,4780,184,2024-09-12 19:14:35
Video 428,Sports,99419,8174,579,672,2024-11-08 12:51:00
Video 429,Sports,852387,69900,22812,188,2024-11-25 15:39:29
Video 430,News,860484,25587,7464,550,2024-02-16 14:17:21
Video 431,Entertainment,847026,19699,3402,834,2024-01-17 20:53:25
Video 432,Music,963292,124760,18778,721,2024-01-02 22:55:25
Video 433,News,87903,10080,1664,839,2024-04-21 09:03:09
Video 434,Music,242877,8952,3049,268,2024-04-24 14:36:15
Video 435,Entertainment,866961,42540,9653,309,2024-03-14 15:03:40
Video 436,Education,224191,32068,4216,396,2024-12-23 13:28:04
Video 437,Entertainment,255541,35930,3863,796,2024-01-25 12:22:45
Video 438,News,701475,85103,8369,153,2024-02-25 09:53:29
Video 439,Gaming,499101,42902,4128,786,2024-01-04 04:03:31
Video 440,Gaming,452739,30645,4904,545,2024-07-31 17:47:47
Video 441,Gaming,664749,29504,9510,162,2024-09-25 22:58:07
Video 442,Entertainment,340886,32556,11775,270,2024-10-21 09:43:58
Video 443,Tech,269199,16762,1194,771,2024-01-14 19:39:19
Video 444,Entertainment,220582,30805,4000,51,2024-07-11 19:42:12
Video 445,Entertainment,705135,57535,8765,385,2024-03-01 06:23:59
Video 446,Sports,555619,48610,12037,828,2024-03-29 19:22:46
Video 447,Tech,391454,22323,7456,180,2024-12-24 03:06:18
Video 448,Gaming,687884,86046,17995,693,2024-02-20 15:18:13
Video 449,Music,660353,47650,12883,418,2024-02-17 11:30:56
Video 450,Tech,452628,43361,6199,305,2024-06-08 20:52:42
Video 451,Music,444347,61618,15846,727,2024-07-03 11:56:09
Video 452,Education,329792,49197,6155,541,2024-11-22 13:30:59
Video 453,Tech,374860,49503,10664,768,2024-11-06 09:04:54
Video 454,News,435076,54203,9272,771,2024-09-28 06:30:03
Video 455,Music,117182,13163,1648,558,2024-12-08 09:48:12
Video 456,Tech,156895,3336,1165,827,2024-05-01 07:19:33
Video 457,Sports,714562,62244,4169,166,2024-04-08 10:09:11
Video 458,Sports,98907,7853,2925,703,2024-03-08 10:57:15
Video 459,Tech,344851,50681,17292,882,2024-05-16 02:32:41
Video 460,Entertainment,849332,60612,17882,107,2024-11-07 09:09:00
Video 461,Tech,993497,28675,6068,417,2024-08-23 21:36:31
Video 462,News,251670,25471,9382,728,2024-08-04 14:02:52
Video 463,Entertainment,551899,45922,9297,239,2024-01-29 23:14:05
Video 464,Music,210782,13064,2849,734,2024-12-05 06:46:45
Video 465,Entertainment,584978,14745,2689,856,2024-06-18 00:46:37
Video 466,Gaming,75238,5895,1035,791,2024-03-30 10:47:20
Video 467,Gaming,357719,23600,3006,801,2024-10-11 17:01:18
Video 468,Tech,615382,22547,7396,388,2024-12-06 02:00:28
Video 469,Education,301114,32791,5599,881,2024-06-27 00:12:03
Video 470,Entertainment,419163,18429,5776,787,2024-03-20 07:50:38
Video 471,News,676591,66863,16547,528,2024-07-24 01:37:07
Video 472,Music,269782,10538,997,259,2024-10-20 04:37:49
Video 473,Entertainment,195265,25266,1465,354,2024-10-22 05:41:46
Video 474,Tech,825812,79406,14379,223,2024-04-12 11:35:03
Video 475,Tech,998489,73434,18422,666,2024-12-31 23:53:31
Video 476,Gaming,733125,35286,10484,404,2024-12-06 21:27:24
Video 477,News,693032,15274,3394,228,2024-01-01 13:47:29
Video 478,Tech,688724,29138,10133,812,2024-02-21 18:59:03
Video 479,Education,169559,19101,3764,609,2024-05-28 17:45:59
Video 480,News,722142,71568,23695,849,2024-11-11 08:19:25
Video 481,Sports,814341,82182,14171,853,2024-08-11 10:26:24
Video 482,Education,263455,10730,2021,71,2024-05-03 05:23:25
Video 483,Entertainment,866203,111238,13300,422,2024-05-05 13:18:29
Video 484,Sports,41852,6108,577,197,2024-12-12 06:57:09
Video 485,Sports,621319,62532,21588,265,2024-10-15 20:45:00
Video 486,Gaming,688509,95260,14188,496,2024-04-10 18:54:36
Video 487,News,522242,73958,19260,478,2024-12-27 07:30:15
Video 488,Sports,633504,38722,10017,378,2024-06-28 01:59:57
Video 489,News,316569,34953,4170,450,2024-08-18 07:32:36
Video 490,Gaming,657762,75399,13808,60,2024-07-07 21:22:40
Video 491,News,25554,1632,425,481,2024-02-08 05:29:42
Video 492,Entertainment,175553,7089,2215,559,2024-02-09 22:45:23
Video 493,News,834834,47639,15792,154,2024-02-14 14:13:02
Video 494,Entertainment,123354,3838,1496,625,2024-11-18 05:28:50
Video 495,Entertainment,256479,17826,3534,395,2024-12-19 14:32:15
Video 496,Music,786245,27183,5018,666,2024-04-01 07:40:36
Video 497,Gaming,148958,19450,6569,175,2024-01-01 10:11:28
Video 498,Tech,947540,51204,6327,319,2024-07-14 03:55:04
Video 499,Education,26611,3097,769,511,2024-04-16 15:48:27
Video 500,Tech,233102,19436,4928,86,2024-12-22 12:43:22
Video 501,Sports,369506,23722,6961,33,2024-12-20 03:24:01
Video 502,Sports,441644,18102,6064,891,2024-04-28 23:19:08
Video 503,Gaming,159392,23085,5035,845,2024-05-29 04:23:49
Video 504,Education,368854,20148,7178,176,2024-02-25 12:00:44
Video 505,Entertainment,663611,80252,25889,795,2024-03-01 05:24:01
Video 506,Gaming,674475,58497,11946,139,2024-02-10 06:34:14
Video 507,Sports,851372,19665,7766,307,2024-08-29 20:09:16
Video 508,Gaming,387138,20299,2286,145,2024-07-05 06:29:26
Video 509,Gaming,80484,5605,2154,32,2024-09-09 16:29:19
Video 510,Gaming,30502,2053,185,143,2024-10-17 01:15:13
Video 511,Sports,495783,56613,11896,153,2024-05-13 04:54:24
Video 512,Sports,778075,68465,5687,157,2024-12-07 00:08:14
Video 513,Sports,546004,32211,2256,688,2024-08-27 00:30:53
Video 514,Tech,191700,28442,4009,141,2024-12-01 19:08:15
Video 515,Tech,603939,63326,21422,199,2024-05-12 19:28:32
Video 516,News,751281,61591,4866,340,2024-10-17 21:40:49
Video 517,Sports,571419,46407,7708,191,2024-08-21 16:46:05
Video 518,Gaming,614376,42170,11441,610,2024-10-02 03:53:05
Video 519,Education,769238,57067,16274,302,2024-11-13 03:25:57
Video 520,Gaming,967343,25187,8877,604,2024-03-02 07:33:34
Video 521,Music,109884,11911,3845,658,2024-07-01 00:56:52
Video 522,Entertainment,129415,18323,3288,395,2024-07-01 06:05:33
Video 523,Entertainment,871085,119982,35427,572,2024-12-16 00:52:19
Video 524,News,160206,19579,7678,705,2024-04-25 00:43:55
Video 525,Gaming,857876,18231,2483,469,2024-04-06 16:03:50
Video 526,News,224087,30151,3379,397,2024-04-25 03:24:37
Video 527,Music,703433,67829,5940,833,2024-11-12 23:40:17
Video 528,News,80758,4309,683,428,2024-10-13 01:24:38
Video 529,Education,176744,11360,1694,835,2024-12-25 23:57:12
Video 530,Tech,209507,15732,3786,449,2024-03-12 00:37:36
Video 531,News,265377,20628,3498,117,2024-05-02 21:15:30
Video 532,Gaming,970859,59634,20876,135,2024-05-14 20:34:16
Video 533,Gaming,181093,3914,774,891,2024-02-29 20:58:36
Video 534,Music,428568,51303,12821,845,2024-02-22 12:49:53
Video 535,News,239636,29515,10442,232,2024-08-28 10:41:05
Video 536,Education,140971,19727,1647,567,2024-02-21 21:54:30
Video 537,News,16343,994,168,280,2024-08-03 16:01:22
Video 538,Entertainment,589542,72750,14523,219,2024-07-18 06:04:17
Video 539,Sports,425149,10523,2429,462,2024-01-10 17:57:34
Video 540,Gaming,57829,6101,2212,588,2024-12-12 15:15:23
Video 541,Music,92140,12523,840,884,2024-03-09 10:53:16
Video 542,Music,173045,12198,1863,418,2024-09-05 19:21:13
Video 543,Education,527592,59877,23923,212,2024-08-19 16:24:48
Video 544,Gaming,240268,15363,5138,671,2024-12-16 11:34:40
Video 545,Entertainment,915532,32987,3565,888,2024-03-01 03:03:53
Video 546,News,104866,9066,1831,312,2024-01-20 01:02:27
Video 547,Sports,505990,71019,19966,410,2024-06-03 04:35:13
Video 548,Tech,111521,12658,3327,798,2024-10-09 18:34:33
Video 549,Education,340218,38218,15268,294,2024-06-13 22:37:01
Video 550,Sports,699910,93422,22046,808,2024-06-15 13:26:05
Video 551,Tech,242759,12390,3664,724,2024-05-12 01:16:50
Video 552,Education,575163,51863,3068,775,2024-09-04 06:52:52
Video 553,Sports,304255,35980,12407,442,2024-01-26 10:07:55
Video 554,Education,14465,379,35,408,2024-03-11 11:52:30
Video 555,Gaming,129731,11751,3075,280,2024-03-06 06:28:24
Video 556,Tech,890020,54663,13243,339,2024-07-03 20:02:30
Video 557,Music,57302,4103,244,254,2024-10-30 11:51:47
Video 558,Entertainment,531479,49066,13741,716,2024-03-21 16:51:05
Video 559,Education,528800,26819,6792,146,2024-07-10 18:20:27
Video 560,Entertainment,392445,23922,8008,89,2024-03-27 20:51:57
Video 561,Sports,581498,32170,10645,412,2024-10-29 09:02:23
Video 562,Education,367131,28741,8785,742,2024-04-18 04:58:49
Video 563,Education,861112,26560,1794,753,2024-07-02 18:00:40
Video 564,Gaming,801197,71170,17223,34,2024-01-16 03:09:53
Video 565,Tech,812737,94226,32076,122,2024-02-29 19:26:29
Video 566,Entertainment,357296,32201,6146,434,2024-08-30 23:25:51
Video 567,Education,12115,1315,239,461,2024-05-30 20:17:24
Video 568,Tech,662233,97912,36049,734,2024-12-08 10:45:47
Video 569,Entertainment,519260,32187,10710,365,2024-10-30 21:43:26
Video 570,Tech,460380,49038,6660,238,2024-04-13 20:58:27
Video 571,Sports,649826,15095,4937,469,2024-02-29 20:22:24
Video 572,News,232757,23302,5811,695,2024-06-30 01:10:51
Video 573,Education,877083,17803,3217,87,2024-03-22 18:02:06
Video 574,News,372588,30256,1935,482,2024-06-11 20:03:54
Video 575,Tech,169427,5090,1514,52,2024-07-26 13:12:57
Video 576,Music,147432,19932,6167,464,2024-04-17 10:00:19
Video 577,News,275251,21041,2049,763,2024-12-04 23:19:39
Video 578,Sports,770540,87106,7278,166,2024-10-28 05:54:33
Video 579,Tech,31037,4008,879,108,2024-01-25 04:19:01
Video 580,News,569844,75653,29051,802,2024-03-19 03:09:45
Video 581,Sports,79995,2161,588,716,2024-06-23 13:20:44
Video 582,Education,681831,90275,6956,192,2024-08-11 11:37:24
Video 583,Entertainment,516811,27680,7955,534,2024-12-31 05:56:05
Video 584,Tech,259929,35431,6243,638,2024-07-26 02:24:47
Video 585,News,945930,94165,18740,606,2024-02-15 02:36:08
Video 586,Sports,563674,25832,1899,296,2024-06-14 02:08:19
Video 587,Gaming,504285,61411,6427,503,2024-09-14 12:11:05
Video 588,News,880742,120712,12407,777,2024-03-17 01:39:35
Video 589,Entertainment,994908,26446,3188,291,2024-04-17 07:38:27
Video 590,Music,684382,90313,23149,389,2024-12-28 07:41:27
Video 591,Tech,206459,21419,1755,436,2024-02-18 09:59:04
Video 592,News,496283,29524,6237,197,2024-02-20 03:38:34
Video 593,Gaming,607194,79195,30226,894,2024-02-27 05:36:44
Video 594,News,94021,8723,2263,132,2024-11-21 13:59:29
Video 595,Education,70438,10489,3090,465,2024-05-02 19:06:24
Video 596,Music,421505,49032,5030,341,2024-09-09 11:25:45
Video 597,News,132703,11986,813,365,2024-06-20 21:15:17
Video 598,Music,793937,45912,12319,687,2024-12-30 08:37:08
Video 599,Entertainment,878295,31966,6574,234,2024-05-15 21:18:10
Video 600,Sports,631591,50755,18600,45,2024-06-08 03:00:42
Video 601,Education,994484,84859,13218,166,2024-12-22 09:33:21
Video 602,News,834739,61434,8036,131,2024-07-09 18:43:39
Video 603,Tech,866069,116357,10397,868,2024-02-27 11:53:33
Video 604,Tech,864183,120004,17982,600,2024-02-04 20:38:53
Video 605,News,423414,47980,12108,132,2024-01-19 07:44:19
Video 606,News,375740,33320,9074,341,2024-07-29 09:27:51
Video 607,Sports,758957,40121,12098,433,2024-07-04 22:28:21
Video 608,News,442197,46270,15965,517,2024-06-26 11:41:14
Video 609,Music,929701,59724,5117,874,2024-11-23 03:15:58
Video 610,Gaming,339171,39603,13588,783,2024-07-17 07:29:48
Video 611,Sports,634722,81832,30422,687,2024-03-07 15:14:59
Video 612,Entertainment,989800,131138,38553,44,2024-09-24 12:34:42
Video 613,Tech,93639,8145,2281,852,2024-01-22 20:03:28
Video 614,Music,764126,17839,5631,82,2024-11-26 02:11:56
Video 615,Music,409715,44001,5632,541,2024-06-20 01:08:40
Video 616,Entertainment,208455,19192,1496,789,2024-08-18 05:48:37
Video 617,Entertainment,854051,65714,25918,862,2024-04-25 01:01:28
Video 618,News,873996,75142,28040,60,2024-09-17 19:38:44
Video 619,Education,220825,13564,5252,891,2024-11-15 03:59:13
Video 620,Sports,29759,4421,1528,571,2024-03-13 18:30:01
Video 621,Entertainment,609265,42170,6711,546,2024-10-05 07:51:10
Video 622,Music,467759,16921,1605,799,2024-12-23 00:59:59
Video 623,Tech,902113,131084,34916,380,2024-10-06 13:55:14
Video 624,Tech,718434,96417,26638,531,2024-08-16 03:16:41
Video 625,Gaming,709632,35359,3096,98,2024-04-15 14:29:22
Video 626,Gaming,904554,109497,28993,882,2024-03-11 02:11:19
Video 627,Gaming,317368,46419,17117,72,2024-12-26 16:35:11
Video 628,Music,10217,1069,268,680,2024-12-31 17:34:18
Video 629,Sports,809482,118519,8875,274,2024-10-18 04:08:34
Video 630,Music,202967,22481,1960,236,2024-05-13 07:07:22
Video 631,Gaming,68340,7803,2938,107,2024-03-22 16:35:51
Video 632,Sports,299755,35305,2603,519,2024-08-13 04:10:00
Video 633,Music,455367,35553,7366,397,2024-08-04 05:52:44
Video 634,News,109958,10629,2800,818,2024-10-05 19:53:16
Video 635,Sports,186578,25224,5565,202,2024-03-24 21:53:21
Video 636,Education,987166,46407,6165,654,2024-03-22 10:32:46
Video 637,News,63307,3123,825,781,2024-03-13 18:54:44
Video 638,Music,36102,1023,159,54,2024-02-26 19:24:53
Video 639,Entertainment,770813,83314,8479,834,2024-05-08 10:18:07
Video 640,News,847883,32319,3161,785,2024-03-27 14:29:38
Video 641,Gaming,606407,69210,8041,254,2024-08-11 21:11:49
Video 642,Gaming,927559,65864,16889,436,2024-10-01 16:34:20
Video 643,Education,292858,26662,7929,287,2024-02-02 08:57:34
Video 644,Gaming,169738,13954,2170,279,2024-08-29 04:26:20
Video 645,Tech,827461,106769,14498,262,2024-04-24 11:43:48
Video 646,Education,915102,91070,32898,47,2024-09-11 19:53:02
Video 647,Entertainment,540178,54379,7777,406,2024-06-15 03:55:43
Video 648,Sports,69064,8096,2952,467,2024-07-03 15:18:46
Video 649,News,165586,22648,5624,517,2024-02-23 04:00:21
Video 650,Tech,39457,2502,549,491,2024-08-23 22:39:48
Video 651,Gaming,394493,38030,7557,713,2024-12-05 19:20:45
Video 652,Entertainment,592653,58428,9649,508,2024-03-08 04:55:33
Video 653,Tech,943422,116092,8551,783,2024-05-11 07:05:52
Video 654,Gaming,859846,62865,8232,596,2024-01-18 21:47:37
Video 655,Music,961180,82020,31823,558,2024-12-12 22:20:36
Video 656,Education,803747,18659,2340,385,2024-11-30 21:06:39
Video 657,Gaming,864372,47909,8871,352,2024-08-11 19:28:16
Video 658,Music,323357,16638,4936,336,2024-02-13 01:25:13
Video 659,Gaming,717099,23368,7809,822,2024-04-11 18:06:58
Video 660,Tech,782863,50915,18524,61,2024-08-08 09:17:21
Video 661,Music,671378,31756,12524,335,2024-04-12 20:20:14
Video 662,News,838436,25912,4907,374,2024-09-07 17:17:17
Video 663,Tech,197344,23473,7370,625,2024-10-21 09:22:08
Video 664,News,149120,20756,6505,258,2024-09-04 21:42:21
Video 665,Sports,958167,68133,17416,537,2024-01-21 14:58:59
Video 666,Tech,311588,32033,2808,182,2024-03-28 03:29:12
Video 667,Entertainment,598306,78167,22001,233,2024-12-11 13:09:46
Video 668,Tech,743217,106110,7781,411,2024-10-19 18:48:44
Video 669,Music,954925,139700,33118,179,2024-09-16 20:21:45
Video 670,Tech,536868,25992,3592,549,2024-06-14 17:47:25
Video 671,Gaming,513774,69490,14779,676,2024-05-30 03:23:01
Video 672,Sports,525663,29962,5677,606,2024-12-11 14:41:12
Video 673,Education,709403,89853,10447,590,2024-01-15 02:28:45
Video 674,Gaming,909321,104940,34669,35,2024-12-09 05:52:57
Video 675,News,850331,67857,7028,40,2024-07-31 14:01:17
Video 676,Tech,629045,74130,26522,364,2024-12-05 07:02:17
Video 677,Entertainment,731283,61835,23182,338,2024-09-22 01:05:13
Video 678,Entertainment,145044,4058,1117,424,2024-09-30 07:25:28
Video 679,Music,875197,103933,29210,560,2024-09-08 19:45:44
Video 680,Sports,400476,58504,15473,750,2024-02-22 19:30:32
Video 681,News,181701,17096,2354,793,2024-05-06 23:52:24
Video 682,Gaming,732816,62585,9048,100,2024-07-28 23:00:22
Video 683,News,895206,74002,15484,167,2024-10-17 08:54:13
Video 684,Entertainment,825186,67588,23663,674,2024-10-27 10:49:46
Video 685,Education,18872,831,166,681,2024-10-30 20:12:26
Video 686,Education,734244,84718,15063,427,2024-06-03 03:57:28
Video 687,News,680157,41788,11678,810,2024-09-16 12:40:01
Video 688,Education,300972,29046,10008,476,2024-02-19 15:11:32
Video 689,News,248598,15966,2594,171,2024-12-13 04:40:57
Video 690,Gaming,806074,111862,32463,273,2024-12-22 09:45:50
Video 691,Tech,555636,67347,3827,698,2024-09-05 09:40:10
Video 692,Gaming,859983,42526,12919,343,2024-03-26 11:03:53
Video 693,News,943007,62077,18619,107,2024-12-06 00:19:48
Video 694,Entertainment,531133,47019,12327,773,2024-05-19 19:04:56
Video 695,Sports,410879,22090,8529,758,2024-03-01 02:37:04
Video 696,Tech,667281,76808,8111,378,2024-02-24 11:51:45
Video 697,News,253707,7410,1719,348,2024-09-26 05:07:50
Video 698,Entertainment,685526,44437,13344,818,2024-09-29 20:59:21
Video 699,Sports,400825,15433,2174,837,2024-11-08 01:17:46
Video 700,News,605277,48240,15628,755,2024-02-06 07:34:39
Video 701,Music,947374,41250,14731,675,2024-02-22 04:04:30
Video 702,Music,487518,23379,2809,609,2024-11-10 02:38:23
Video 703,Education,645072,60738,21237,667,2024-07-12 11:56:33
Video 704,Education,645513,57428,21302,639,2024-05-21 01:07:33
Video 705,Gaming,550558,41397,10072,482,2024-12-09 06:30:11
Video 706,Education,628807,13058,678,595,2024-09-12 20:30:43
Video 707,News,635773,28525,6118,441,2024-03-12 10:57:32
Video 708,Sports,784328,57861,17416,52,2024-10-11 20:52:15
Video 709,News,550020,50222,6175,803,2024-10-22 13:56:47
Video 710,Entertainment,316275,12255,1433,52,2024-10-12 16:01:54
Video 711,Tech,193858,9642,732,362,2024-02-01 06:39:20
Video 712,News,76862,10468,1942,629,2024-05-14 10:55:17
Video 713,Music,935461,75820,23382,428,2024-12-20 00:23:23
Video 714,Education,726252,93083,28107,846,2024-02-04 02:11:04
Video 715,Music,30714,1817,520,383,2024-05-17 17:50:49
Video 716,Gaming,150894,20477,6650,159,2024-12-05 18:09:59
Video 717,Sports,761195,108420,42050,441,2024-07-14 12:04:34
Video 718,Sports,520666,70325,21287,491,2024-08-24 02:48:51
Video 719,Gaming,391103,32543,12601,623,2024-01-03 15:35:39
Video 720,Education,862146,68340,15916,211,2024-07-09 06:51:06
Video 721,Music,235406,23568,2035,314,2024-12-13 19:33:16
Video 722,News,530239,40094,5638,98,2024-09-28 18:58:51
Video 723,Entertainment,17981,1803,257,848,2024-03-24 07:10:59
Video 724,Entertainment,99605,4131,1143,392,2024-05-26 11:21:27
Video 725,Tech,272162,37628,8744,742,2024-05-17 09:40:32
Video 726,Music,717174,97952,38674,459,2024-06-26 02:01:03
Video 727,Music,779289,18809,7073,816,2024-10-27 08:22:06
Video 728,Education,504942,17514,5818,840,2024-11-23 20:16:35
Video 729,Education,469163,54775,18456,270,2024-03-18 05:31:33
Video 730,Education,119276,17467,993,595,2024-11-10 08:31:28
Video 731,Education,625796,35709,6098,599,2024-02-09 11:13:46
Video 732,Music,924065,133283,48720,97,2024-10-21 15:42:03
Video 733,Music,496584,10104,701,805,2024-01-08 06:09:49
Video 734,Sports,605290,15463,1626,236,2024-10-20 09:09:23
Video 735,Education,622546,84651,15402,659,2024-10-01 14:38:42
Video 736,Gaming,812691,74071,10802,275,2024-11-16 21:02:19
Video 737,Music,298689,21420,2712,479,2024-06-08 01:26:14
Video 738,Entertainment,781393,23706,1756,281,2024-12-17 16:33:31
Video 739,Education,205617,4148,1191,688,2024-10-27 00:42:35
Video 740,News,795646,68511,13914,460,2024-08-25 16:38:01
Video 741,News,873141,23955,1737,500,2024-05-03 03:33:04
Video 742,Gaming,659144,71988,11352,486,2024-09-05 14:28:40
Video 743,Entertainment,34971,3120,395,646,2024-05-01 23:51:48
Video 744,Entertainment,330420,41269,16250,267,2024-11-19 07:14:53
Video 745,Gaming,440869,23021,9089,482,2024-05-25 01:57:52
Video 746,Music,41001,5565,1427,231,2024-02-10 01:49:27
Video 747,Gaming,517378,25129,6597,202,2024-08-26 19:46:28
Video 748,Entertainment,90462,10834,3224,207,2024-10-10 08:57:49
Video 749,Gaming,311406,19726,5519,585,2024-12-01 03:33:18
Video 750,Tech,84949,3180,800,183,2024-09-26 22:57:10
Video 751,Entertainment,418794,48513,3367,667,2024-12-05 21:07:06
Video 752,Education,27979,3825,1384,663,2024-02-29 14:07:40
Video 753,News,652286,84310,9832,452,2024-02-26 20:01:21
Video 754,Education,173676,24582,5116,684,2024-01-14 04:49:11
Video 755,Education,75784,3260,1031,801,2024-07-01 10:52:38
Video 756,Music,198593,29536,10422,297,2024-10-22 11:53:21
Video 757,Tech,827742,42786,15316,890,2024-09-24 11:48:56
Video 758,Music,361082,26736,8734,711,2024-12-05 20:50:45
Video 759,News,92877,13262,1882,337,2024-07-28 05:49:16
Video 760,Entertainment,579179,53061,20582,362,2024-11-03 16:00:44
Video 761,Gaming,17408,487,185,557,2024-11-20 10:24:29
Video 762,Sports,267427,37401,2376,509,2024-09-10 04:34:01
Video 763,Education,35926,2396,758,678,2024-12-01 06:22:47
Video 764,News,139988,18319,5520,556,2024-08-15 11:07:59
Video 765,Tech,66225,5300,1022,330,2024-11-27 04:32:04
Video 766,Sports,49761,5898,1437,452,2024-10-17 17:20:57
Video 767,Education,500275,65664,11107,692,2024-01-07 17:26:44
Video 768,Gaming,400075,35123,9516,257,2024-11-04 11:39:37
Video 769,Sports,102816,5507,2112,627,2024-12-28 16:59:49
Video 770,Sports,262644,34794,3722,309,2024-08-25 10:36:54
Video 771,Gaming,721090,106960,11109,635,2024-07-23 00:57:37
Video 772,Sports,810455,62867,23040,696,2024-04-06 02:45:49
Video 773,Tech,476145,69543,19224,226,2024-07-25 04:24:04
Video 774,Entertainment,361808,51962,17433,242,2024-12-12 08:44:32
Video 775,Music,814469,67373,25858,715,2024-05-26 10:20:00
Video 776,News,750074,93493,17837,298,2024-05-16 23:57:20
Video 777,Gaming,697843,81981,5036,847,2024-12-31 20:07:45
Video 778,Entertainment,412708,61412,18065,875,2024-09-05 11:07:48
Video 779,News,494930,43222,6741,741,2024-02-13 19:34:27
Video 780,Music,933580,37080,8990,398,2024-02-01 19:41:14
Video 781,Entertainment,38511,4683,1836,167,2024-03-23 20:13:34
Video 782,Education,680448,56662,12698,678,2024-02-23 14:59:51
Video 783,News,872794,32261,9037,451,2024-01-22 00:28:51
Video 784,Music,559783,21744,6834,720,2024-06-07 20:30:17
Video 785,Education,193214,21121,5659,426,2024-04-15 05:06:46
Video 786,Sports,820883,64571,21321,299,2024-04-17 01:39:34
Video 787,Sports,456706,37151,8741,430,2024-06-14 23:32:19
Video 788,Gaming,828439,99027,11541,454,2024-06-04 14:42:23
Video 789,Sports,443806,63501,10172,546,2024-03-04 23:53:46
Video 790,Tech,479557,31872,10226,738,2024-10-06 19:02:15
Video 791,Gaming,647873,91327,8414,528,2024-02-17 09:36:01
Video 792,Gaming,468532,11094,2222,828,2024-03-30 02:35:01
Video 793,Sports,137331,19685,1210,63,2024-02-21 14:14:43
Video 794,Music,463563,24724,5321,245,2024-04-09 06:16:02
Video 795,News,470230,11434,4389,363,2024-07-09 07:24:52
Video 796,Gaming,374615,35890,9423,317,2024-04-25 21:55:49
Video 797,Tech,349436,37325,9170,570,2024-08-29 13:07:48
Video 798,Sports,585469,69937,10988,282,2024-03-30 15:50:32
Video 799,Music,565511,43634,11111,694,2024-04-17 07:21:29
Video 800,Entertainment,917075,91297,22179,321,2024-03-27 05:20:18
Video 801,Music,799265,23375,8283,317,2024-09-18 01:24:15
Video 802,Tech,828827,115236,35027,663,2024-01-01 01:51:29
Video 803,Tech,675139,80636,7873,41,2024-04-08 05:43:31
Video 804,Entertainment,73652,9881,642,220,2024-07-01 21:02:12
Video 805,Music,975884,47187,17753,879,2024-06-17 12:13:49
Video 806,Entertainment,147862,4329,505,49,2024-06-30 19:34:28
Video 807,Gaming,134906,18730,1305,249,2024-01-11 16:41:41
Video 808,News,439134,11309,1788,389,2024-04-04 12:23:26
Video 809,Tech,215545,7285,2483,888,2024-03-12 07:52:11
Video 810,Tech,662339,81190,17832,788,2024-05-14 12:29:26
Video 811,News,86316,5377,1240,523,2024-06-04 02:26:57
Video 812,Gaming,672461,37937,5947,437,2024-04-20 06:42:27
Video 813,Education,425485,32235,11756,260,2024-02-25 09:34:37
Video 814,Gaming,462282,45906,6215,406,2024-12-20 07:46:08
Video 815,Gaming,847340,75161,14531,167,2024-11-01 08:03:22
Video 816,Education,562413,53475,3699,865,2024-04-05 05:02:22
Video 817,Sports,618583,70363,15312,550,2024-01-11 21:30:17
Video 818,Tech,334230,26062,8906,746,2024-08-30 08:43:23
Video 819,Gaming,107470,14165,4578,570,2024-04-30 06:35:13
Video 820,Tech,518595,10768,653,81,2024-05-25 18:30:12
Video 821,Entertainment,643747,65382,15696,225,2024-02-11 18:27:15
Video 822,Sports,983209,39474,15023,602,2024-05-14 06:05:11
Video 823,Sports,252857,29188,10727,539,2024-12-13 13:56:05
Video 824,Education,147985,16409,910,583,2024-11-02 07:49:50
Video 825,News,438456,42917,10002,109,2024-11-06 19:34:04
Video 826,Entertainment,24155,3324,234,655,2024-01-27 16:46:41
Video 827,Tech,407256,44110,5987,427,2024-07-15 20:22:10
Video 828,News,33307,1472,219,853,2024-08-01 01:27:05
Video 829,Tech,65643,8700,1206,644,2024-09-04 14:20:39
Video 830,Gaming,244031,30384,11651,661,2024-04-06 06:56:20
Video 831,Sports,460683,12864,1253,307,2024-05-20 22:44:54
Video 832,Music,961488,135460,19179,757,2024-12-28 14:12:37
Video 833,Music,512400,36357,7031,563,2024-03-24 01:54:36
Video 834,Tech,155828,5285,1053,245,2024-01-05 19:24:39
Video 835,Music,272543,32535,11101,768,2024-07-28 16:03:38
Video 836,Entertainment,379003,18919,5746,537,2024-04-05 18:52:15
Video 837,Entertainment,928181,37274,13900,887,2024-07-31 03:31:59
Video 838,Tech,252624,28358,10884,58,2024-05-28 21:43:37
Video 839,Sports,990802,46793,7918,610,2024-02-01 23:25:11
Video 840,Gaming,281766,25416,2445,654,2024-09-06 15:52:50
Video 841,Education,398512,17025,2358,428,2024-01-07 18:52:20
Video 842,Gaming,814880,111882,38162,152,2024-03-24 15:14:44
Video 843,Gaming,313888,20726,5372,386,2024-08-08 11:33:51
Video 844,Music,275759,19125,5017,405,2024-12-23 05:15:51
Video 845,Music,138321,9051,2753,150,2024-05-14 01:01:03
Video 846,Gaming,868277,102214,38875,534,2024-05-16 09:18:52
Video 847,Music,250785,27114,10711,180,2024-08-22 07:04:08
Video 848,Sports,934778,71697,23985,353,2024-12-22 23:57:14
Video 849,News,429684,52866,6984,326,2024-06-02 01:23:22
Video 850,Gaming,597991,85867,11105,874,2024-11-28 09:38:24
Video 851,News,784846,24347,8211,888,2024-09-22 00:25:49
Video 852,Gaming,289406,31842,7680,735,2024-03-07 10:32:45
Video 853,Education,706754,58104,21230,84,2024-01-17 18:22:42
Video 854,News,965347,115274,15422,338,2024-06-28 14:01:03
Video 855,News,656722,56865,12390,147,2024-10-08 01:11:49
Video 856,Gaming,625310,62436,24923,155,2024-01-21 09:18:31
Video 857,Entertainment,313066,19605,6921,823,2024-09-21 18:52:39
Video 858,Music,326209,30816,4707,497,2024-09-19 03:56:22
Video 859,Entertainment,917118,100594,29883,313,2024-01-29 21:01:00
Video 860,News,231053,12468,3291,687,2024-01-17 10:13:10
Video 861,Entertainment,335135,44279,2539,460,2024-07-31 02:15:51
Video 862,Gaming,214911,23180,8831,339,2024-05-01 11:15:06
Video 863,Music,520052,60309,4669,615,2024-02-18 01:14:50
Video 864,Tech,27532,2042,779,627,2024-11-07 14:48:41
Video 865,Music,376690,45412,4421,422,2024-05-04 04:56:38
Video 866,Tech,628669,33477,3999,209,2024-09-15 17:25:03
Video 867,Sports,623934,37985,13053,160,2024-12-31 18:15:19
Video 868,Education,69696,5696,2193,269,2024-09-24 20:28:18
Video 869,News,638039,87905,11853,216,2024-06-22 05:20:27
Video 870,Tech,994368,138125,24965,517,2024-04-11 03:02:36
Video 871,Sports,442087,41508,10769,147,2024-07-17 08:34:56
Video 872,Education,648451,15462,1865,750,2024-12-15 18:27:35
Video 873,Music,963821,33416,10919,530,2024-04-23 16:15:52
Video 874,Entertainment,849738,31580,6734,559,2024-09-14 13:48:34
Video 875,Tech,105162,3512,1180,95,2024-02-22 19:16:56
Video 876,Entertainment,952784,94754,21753,774,2024-12-25 21:05:35
Video 877,Education,821032,103432,33630,802,2024-10-20 10:17:51
Video 878,Education,413595,35869,13954,164,2024-08-20 23:45:33
Video 879,Tech,261223,21778,7398,679,2024-02-01 03:00:28
Video 880,Gaming,178618,19076,5448,389,2024-07-09 06:35:46
Video 881,Entertainment,100995,4763,851,851,2024-12-30 14:34:06
Video 882,Sports,487027,41184,3401,524,2024-09-12 01:32:54
Video 883,Education,683403,92811,25854,616,2024-10-10 20:01:54
Video 884,Tech,42705,4560,859,823,2024-06-04 21:31:05
Video 885,Entertainment,224945,16870,4072,892,2024-03-22 16:18:08
Video 886,Sports,362504,35923,13957,890,2024-04-01 21:13:03
Video 887,Music,926551,105508,14603,67,2024-10-18 22:54:08
Video 888,Tech,694161,44278,8266,896,2024-05-27 14:49:18
Video 889,Entertainment,12495,748,138,841,2024-10-12 04:17:06
Video 890,Sports,177362,26357,1608,170,2024-06-28 11:18:47
Video 891,Sports,245278,33914,8438,37,2024-03-22 10:35:35
Video 892,News,314497,13736,3319,888,2024-06-11 06:48:41
Video 893,Music,97065,13093,1240,31,2024-05-02 09:32:03
Video 894,Entertainment,152386,16549,4293,75,2024-12-16 01:49:50
Video 895,Education,572651,14505,4196,460,2024-01-09 12:53:10
Video 896,Music,828758,76077,17885,280,2024-02-05 20:20:11
Video 897,Gaming,776827,57920,7170,635,2024-11-14 22:55:25
Video 898,Sports,624752,45427,12096,439,2024-04-15 21:15:14
Video 899,Music,541410,34900,9673,108,2024-01-10 21:41:00
Video 900,Music,658810,76412,7706,701,2024-12-21 02:39:36
Video 901,Tech,923401,76376,24737,630,2024-04-29 22:24:26
Video 902,Gaming,422128,52192,17679,221,2024-09-24 10:02:31
Video 903,Tech,396801,37529,8713,798,2024-04-25 17:16:33
Video 904,Education,188246,24204,3857,767,2024-07-19 18:51:47
Video 905,Music,577996,17260,5838,479,2024-06-02 17:14:48
Video 906,News,562340,69678,13816,259,2024-10-28 03:42:22
Video 907,Gaming,593914,42262,16525,379,2024-10-08 18:26:30
Video 908,News,720461,92100,15029,578,2024-08-03 21:33:08
Video 909,Education,421981,61804,12670,111,2024-03-05 08:16:37
Video 910,Music,300103,25293,3779,91,2024-12-21 11:28:15
Video 911,Tech,346090,44866,6412,87,2024-06-07 14:09:49
Video 912,News,28973,2767,592,249,2024-02-27 12:13:06
Video 913,Entertainment,372556,11630,3231,892,2024-11-14 12:38:14
Video 914,Gaming,24414,2129,502,323,2024-12-27 13:48:03
Video 915,Education,148267,9385,1427,508,2024-05-13 01:10:13
Video 916,Tech,843674,55917,14317,283,2024-06-12 20:02:43
Video 917,Education,334734,32466,12126,216,2024-05-27 04:34:06
Video 918,Education,189300,17927,3774,431,2024-11-16 12:25:09
Video 919,Entertainment,378052,19272,1624,45,2024-05-10 00:23:31
Video 920,Education,644382,21508,3937,518,2024-08-26 18:21:01
Video 921,Tech,446069,35981,6558,468,2024-06-16 15:34:19
Video 922,Entertainment,879312,61381,22888,212,2024-05-09 17:16:56
Video 923,Music,794806,63991,25290,388,2024-07-27 03:53:49
Video 924,Tech,910570,104647,38964,558,2024-07-30 08:07:00
Video 925,Sports,64847,7750,1361,423,2024-10-09 19:26:32
Video 926,Sports,722470,59902,11130,221,2024-07-05 23:24:34
Video 927,Education,493931,42499,6786,346,2024-01-21 03:37:23
Video 928,Tech,537590,44495,7503,890,2024-04-25 14:52:58
Video 929,Education,559708,47739,2752,575,2024-09-11 12:13:57
Video 930,Sports,891361,40293,15619,144,2024-09-26 19:38:34
Video 931,Sports,817350,84684,33203,483,2024-06-29 20:44:04
Video 932,News,269426,14066,5064,826,2024-01-14 13:38:57
Video 933,Music,574860,33918,10154,657,2024-10-25 11:20:46
Video 934,Entertainment,861803,40089,6284,857,2024-08-08 17:05:03
Video 935,Music,96966,2905,175,765,2024-02-21 03:59:24
Video 936,Music,11790,1759,276,247,2024-10-14 06:54:41
Video 937,Music,976151,55760,14093,306,2024-05-12 14:38:29
Video 938,News,406012,53202,15489,709,2024-11-03 18:48:29
Video 939,Sports,885809,111170,13634,50,2024-11-15 04:50:25
Video 940,Music,130062,14846,2804,644,2024-09-29 07:23:04
Video 941,Entertainment,835409,116639,46231,532,2024-10-22 14:05:23
Video 942,Sports,487854,38690,9668,538,2024-05-06 22:01:26
Video 943,Music,146266,8211,3202,234,2024-06-09 07:34:41
Video 944,Sports,918506,96002,37719,425,2024-12-20 10:29:03
Video 945,Music,848517,43445,17076,197,2024-03-27 12:15:14
Video 946,Tech,38448,4903,987,783,2024-06-17 11:15:55
Video 947,Entertainment,584958,69680,14778,186,2024-02-10 03:03:51
Video 948,News,52913,2592,680,549,2024-03-15 05:33:26
Video 949,Music,122680,11000,2592,648,2024-07-10 08:18:02
Video 950,Gaming,15455,1380,532,682,2024-08-07 03:29:43
Video 951,Tech,506021,52733,7016,874,2024-10-21 07:42:28
Video 952,Gaming,295903,37577,8192,729,2024-01-30 18:33:47
Video 953,Music,178273,20623,6061,334,2024-03-29 19:31:42
Video 954,Education,239252,20983,4212,158,2024-07-11 08:33:13
Video 955,Education,183351,14822,1902,772,2024-11-01 00:57:29
Video 956,Music,255553,24339,8737,733,2024-01-03 04:46:05
Video 957,News,165355,15841,1931,680,2024-07-12 00:37:19
Video 958,Education,789648,24659,2415,522,2024-03-13 21:18:15
Video 959,Gaming,361276,21275,4913,215,2024-01-23 01:20:51
Video 960,News,402515,46646,17841,201,2024-07-22 07:50:27
Video 961,News,90121,3397,621,161,2024-12-25 04:05:11
Video 962,Sports,255140,29623,6958,85,2024-09-20 22:03:14
Video 963,Gaming,341144,41250,4099,466,2024-10-18 23:25:54
Video 964,Gaming,944687,96814,7058,273,2024-11-24 01:02:16
Video 965,Sports,109417,12084,2783,498,2024-07-25 19:14:50
Video 966,Tech,453971,15361,5833,379,2024-09-09 20:09:56
Video 967,Gaming,867913,99075,12997,495,2024-12-30 09:29:41
Video 968,Tech,571565,32428,1724,365,2024-10-08 17:00:50
Video 969,Entertainment,898767,72875,26597,671,2024-07-08 03:53:41
Video 970,Education,82500,11638,1829,272,2024-01-30 07:31:02
Video 971,Music,335535,41370,10290,171,2024-09-20 01:02:21
Video 972,News,323822,11225,2438,745,2024-09-03 05:00:37
Video 973,Music,52523,4596,1501,883,2024-07-11 19:46:05
Video 974,Gaming,501720,31304,4497,47,2024-04-13 07:17:33
Video 975,Tech,546613,78945,15170,92,2024-05-20 03:14:35
Video 976,Education,250121,15449,1863,710,2024-02-24 22:40:31
Video 977,Entertainment,640696,85188,29184,569,2024-05-26 09:45:08
Video 978,Gaming,850933,103506,5574,302,2024-03-28 18:52:46
Video 979,News,227776,14458,2685,538,2024-01-25 08:09:37
Video 980,Music,603862,26596,4469,301,2024-03-03 22:18:56
Video 981,Tech,204936,14268,1842,547,2024-11-09 21:49:09
Video 982,News,152111,3257,836,447,2024-11-20 16:55:08
Video 983,Entertainment,675185,35587,3617,237,2024-10-01 10:46:46
Video 984,Tech,54594,3235,439,422,2024-07-06 12:24:34
Video 985,News,149308,12192,1069,499,2024-07-30 15:13:36
Video 986,Music,969546,113589,30691,481,2024-06-09 02:53:51
Video 987,Entertainment,814985,116620,31018,517,2024-06-22 02:16:32
Video 988,Sports,796892,56871,3272,302,2024-10-20 13:09:38
Video 989,Entertainment,556995,15911,1521,121,2024-01-30 17:33:50
Video 990,News,330430,30233,4808,501,2024-05-21 15:09:24
Video 991,Education,414115,28131,8485,337,2024-12-18 23:12:34
Video 992,Education,418175,62594,6009,477,2024-02-28 07:23:04
Video 993,Gaming,276937,18225,1385,39,2024-06-12 03:14:03
Video 994,Tech,48640,4921,492,307,2024-06-19 12:41:59
Video 995,Entertainment,921708,28827,8125,395,2024-02-14 00:38:20
Video 996,Tech,551287,76544,6033,526,2024-05-09 11:34:07
Video 997,Gaming,68543,4873,1775,623,2024-05-25 15:31:04
Video 998,Education,388982,47371,8905,569,2024-01-30 00:01:00
Video 999,News,691183,64944,21118,485,2024-06-02 10:18:10
Video 1000,Music,805177,110520,15911,464,2024-01-09 04:27:27
